STN_code,Monitoring_Location,Year,Water_Body_Type,State_Name,WQI_applicable,DO_assumed_mean,pH_mean,BOD_mean,Conductivity_mean,NitrateN_mean,FC_mean,TC_mean,WQI_score,WQI_category,WQI_reason,Conductivity_minmax_anomaly,FC_minmax_anomaly,DO_assumed_Min_imputed_flag,DO_assumed_Max_imputed_flag,pH_Min_imputed_flag,pH_Max_imputed_flag,BOD_Min_imputed_flag,BOD_Max_imputed_flag,Conductivity_Min_imputed_flag,Conductivity_Max_imputed_flag,NitrateN_Min_imputed_flag,NitrateN_Max_imputed_flag,FC_Min_imputed_flag,FC_Max_imputed_flag,TC_Min_imputed_flag,TC_Max_imputed_flag
4085,"RIVER JUMAR AT BIT MESRA, RANCHI",2022,RIVER,JHARKHAND,1,4.25,6.55,2.45,474.5,1.1675,74.75,121.0,61.3363,Poor,computed,0,0,0,0,0,0,0,0,1,1,1,1,1,1,1,1
2396,RIVER JUMAR AT KANKE DAM,2022,RIVER,JHARKHAND,1,6.55,7.55,2.55,474.5,1.1675,74.75,121.0,70.7045,Poor,computed,0,0,0,0,0,0,0,0,1,1,1,1,1,1,1,1
2401,RIVER AJAY AT MASANJORE DAM,2022,RIVER,JHARKHAND,1,6.2,7.65,1.45,206.0,1.1675,74.75,121.0,54.4318,Poor,computed,0,0,0,0,0,0,0,0,0,0,1,1,1,1,1,1
3554,"RIVER KONAR NEAR SWANG COAL WASHERY, BOKARO",2022,RIVER,JHARKHAND,1,7.6,7.45,2.25,474.5,1.1675,74.75,121.0,64.9953,Poor,computed,0,0,0,0,0,0,0,0,1,1,1,1,1,1,1,1
2390,RIVER KONAR AT TENUGHAT DAM,2022,RIVER,JHARKHAND,1,7.7,7.6,1.65,474.5,1.1675,74.75,121.0,57.3829,Poor,computed,0,0,0,0,0,0,0,0,1,1,1,1,1,1,1,1
4000,RIVER GARGA NEAR TELMUCHO BRIDGE,2022,RIVER,JHARKHAND,1,7.0,7.35,2.9,474.5,1.1675,74.75,121.0,73.9217,Poor,computed,0,0,0,0,0,0,0,0,1,1,1,1,1,1,1,1
2381,RIVER BOKARO AT ZARANGDIH BRIDGE,2022,RIVER,JHARKHAND,1,7.7,7.3,2.2,474.5,1.1675,74.75,121.0,62.5937,Poor,computed,0,0,0,0,0,0,0,0,1,1,1,1,1,1,1,1
1034,"RIVER SANKH AT BOLBA, JHARKHAND",2022,RIVER,JHARKHAND,1,8.15,7.4,1.45,474.5,1.1675,74.75,121.0,52.1267,Poor,computed,0,0,0,0,0,0,0,0,1,1,1,1,1,1,1,1
2392,RIVER BARAKAR AT MAITHAN DAM,2022,RIVER,JHARKHAND,1,7.55,7.5,1.8,474.5,1.1675,74.75,121.0,58.6063,Poor,computed,0,0,0,0,0,0,0,0,1,1,1,1,1,1,1,1
3555,"RIVER DAMODAR NEAR ZARANGDIH BRIDGE, BOKARO",2022,RIVER,JHARKHAND,1,8.1,7.5,2.25,474.5,1.1675,74.75,121.0,65.539,Poor,computed,0,0,0,0,0,0,0,0,1,1,1,1,1,1,1,1
4083,"RIVER DAMODAR NEAR ROHINI PROJECT, NK AREA, PO-DAKRA, RANCHI",2022,RIVER,JHARKHAND,1,7.6,7.3,2.25,474.5,1.1675,74.75,121.0,63.364,Poor,computed,0,0,0,0,0,0,0,0,1,1,1,1,1,1,1,1
3553,RIVER DAMODAR NEAR TELMUCHO BRIDGE,2022,RIVER,JHARKHAND,1,7.9,7.55,2.85,474.5,1.1675,74.75,121.0,75.3263,Very Poor,computed,0,0,0,0,0,0,0,0,1,1,1,1,1,1,1,1
1510,RIVER TONS AT TIUNI (HIMACHAL PRADESH/UTTRA KHAND BORDER),2022,RIVER,HIMACHAL PRADESH,1,8.05,7.83,1.65,527.5,1.135,17.5,463.9,59.8926,Poor,computed,0,0,0,0,0,0,1,1,0,0,0,0,0,0,0,0
30023,RIVER TONS AT HARIPUR (U.K.),2022,RIVER,UTTARAKHAND,1,9.05,8.3,1.65,224.0,0.42,10502.0,39506.5,64.1811,Poor,computed,0,0,0,0,0,0,1,1,0,0,0,0,0,0,0,0
4027,RIVER GIRI D/S RAJGARH TOWN,2022,RIVER,HIMACHAL PRADESH,1,7.9,7.91,1.65,417.0,0.755,33.0,170.0,60.0929,Poor,computed,0,0,0,0,0,0,1,1,0,0,0,0,0,0,0,0
4028,"RIVER GIRI D/S KALGIDHAR TRUST, BARU SAHIB",2022,RIVER,HIMACHAL PRADESH,1,7.8,8.02,1.65,481.0,0.775,32.5,205.0,61.4143,Poor,computed,0,0,0,0,0,0,1,1,0,0,0,0,0,0,0,0
4427,RIVER GIRI U/S CHAILLA,2022,RIVER,HIMACHAL PRADESH,1,7.8,7.705,1.65,807.0,1.365,10.5,803.4,58.9494,Poor,computed,0,0,0,0,0,0,1,1,0,0,0,0,0,0,0,0
2621,RIVER GIRI AT D/S YASHWANT NAGAR AFTER CONF. WITH ASHWANI KHAD AT YASHWANT NAGAR- NEAR SHANI MANDIR,2022,RIVER,HIMACHAL PRADESH,1,7.75,7.92,1.65,413.5,6.565,801.0,813.0,68.3687,Poor,computed,0,0,0,0,0,0,1,1,0,0,0,0,0,0,0,0
3876,RIVER GIRI AFTER CONFLUENCE OF ASHWANI RIVER AT VILLAGE MARYOG,2022,RIVER,HIMACHAL PRADESH,1,8.2,8.01,1.65,457.0,4.19,40.5,810.5,65.8275,Poor,computed,0,0,0,0,0,0,1,1,0,0,0,0,0,0,0,0
2622,RIVER GIRI AT U/S CCI MINES AT VILLAGE NADI,2022,RIVER,HIMACHAL PRADESH,1,7.55,8.045,1.65,694.5,0.585,23.0,105.0,61.6104,Poor,computed,0,0,0,0,0,0,1,1,0,0,0,0,0,0,0,0
2623,RIVER GIRI D/S SATAUN,2022,RIVER,HIMACHAL PRADESH,1,7.75,7.965,1.65,699.5,0.66,26.5,130.0,60.8425,Poor,computed,0,0,0,0,0,0,1,1,0,0,0,0,0,0,0,0
3877,RIVER GIRI U/S LWSS AT SAINJ,2022,RIVER,HIMACHAL PRADESH,1,7.65,7.755,1.65,830.5,1.595,21.5,807.0,59.8058,Poor,computed,0,0,0,0,0,0,1,1,0,0,0,0,0,0,0,0
3878,RIVER GIRI D/S LWSS AT SAINJ,2022,RIVER,HIMACHAL PRADESH,1,7.7,7.77,1.65,830.5,2.945,18.0,808.5,61.7661,Poor,computed,0,0,0,0,0,0,1,1,0,0,0,0,0,0,0,0
3860,"RIVER GIRI D/S CEMENT CORPORATION OF INDIA, RAJBAN AT BANGRAN BRIDGE",2022,RIVER,HIMACHAL PRADESH,1,7.7,7.88,1.65,638.5,0.615,25.0,108.0,59.8572,Poor,computed,0,0,0,0,0,0,1,1,0,0,0,0,0,0,0,0
1614,"RIVER BETWA NEAR WATER SUPPLY INTAKE WELL , VIDISHA(M.P)",2022,RIVER,MADHYA PRADESH,1,8.55,7.605,3.2,429.5,6.66,36.5,235.0,88.5465,Very Poor,computed,0,0,0,0,0,0,0,0,0,0,0,0,0,0,0,0
2107,"RIVER BETWA AT U/S AT MAHUTA GHAT, AGASOD, BINA",2022,RIVER,MADHYA PRADESH,1,6.75,7.77,1.45,383.0,1.29,3.8,53.0,56.133,Poor,computed,0,0,0,0,0,0,0,0,0,0,0,0,0,0,0,0
2108,"RIVER BETWA AT M/S J.P. THERMAL POWER, BINA",2022,RIVER,MADHYA PRADESH,1,6.95,7.84,1.5,391.0,1.225,2.0,44.5,57.5891,Poor,computed,0,0,0,0,0,0,0,0,0,0,0,0,0,0,0,0
2124,"RIVER BETWA AT CHARANTIRGHAT, VIDISHA",2022,RIVER,MADHYA PRADESH,1,9.3,8.09,10.8,610.0,9.895,141.5,860.0,141.5932,Unsuitable for Drinking,computed,0,0,0,0,0,0,0,0,0,0,0,0,0,0,0,0
2125,RIVER BETWA D/S AFTER MIXING OF RIVER BAIS AT VIDISHA,2022,RIVER,MADHYA PRADESH,1,9.4,7.675,9.15,624.0,9.65,88.0,875.0,136.7241,Unsuitable for Drinking,computed,0,0,0,0,0,0,0,0,0,0,0,0,0,0,0,0
3832,RIVER BETWA AT U/S NEAR ROAD BRIDGE ORCHHA,2022,RIVER,MADHYA PRADESH,1,7.05,7.83,1.6,365.5,0.425,1.0,53.0,57.915,Poor,computed,0,0,0,0,0,0,0,0,0,0,0,0,0,0,0,0
30080,"RIVER BETWA AT KANJIA ROAD BRIDGE, KANJIA DIST.ASHOK NAGAR (M.P.)",2022,RIVER,MADHYA PRADESH,1,9.05,7.985,2.45,392.0,1.11,12000.0,397250.0,74.2587,Poor,computed,0,0,0,0,0,0,0,0,0,0,0,0,0,0,0,0
2953,"RIVER KALI SINDH AT ANICUT OF M/S CFCL GADEPAN, KOTA, RAJASTHAN",2022,RIVER,RAJASTHAN,1,4.65,8.22,1.7,599.0,1.725,58.5,147.5,60.622,Poor,computed,0,0,0,0,0,0,0,0,0,0,0,0,0,0,0,0
2956,"RIVER KALI SINDH AT BAROD ROAD BRIDGE, KOTA, RAJASTHAN",2022,RIVER,RAJASTHAN,1,4.4,8.355,1.65,965.0,2.34,53.5,137.0,61.1752,Poor,computed,0,0,0,0,0,0,0,0,0,0,0,0,0,0,0,0
2951,"RIVER BANAS BISULPUR DAM, TONK, RAJASTHAN",2022,RIVER,RAJASTHAN,1,4.95,8.325,1.6,672.0,2.135,79.5,195.0,61.9385,Poor,computed,0,0,0,0,0,0,0,0,0,0,0,0,0,0,0,0
2952,"RIVER NEAR NEWTA DAM,JAIPUR,RAJSTHAN",2022,RIVER,RAJASTHAN,1,2.25,8.395,4.35,2479.0,4.57,185.0,485.0,97.9725,Very Poor,computed,0,0,0,0,0,0,0,0,0,0,0,0,0,0,0,0
2955,"RIVER CHAMBAL ENTERING IN RAJASTHAN AT GANDHI SAGAR DAM, RAWATBHATA,CHITTORGARH",2022,RIVER,RAJASTHAN,1,5.8,7.74,2.35,506.0,2.315,115.0,245.0,70.5201,Poor,computed,0,0,0,0,0,0,0,0,0,0,0,0,0,0,0,0
3309,"RIVER CHAMBAL AT TAL VILLAGE NEAR BRIDGE, UJJAIN",2022,RIVER,MADHYA PRADESH,1,7.05,7.655,4.0,1124.5,1.64,463.0,824.0,95.2274,Very Poor,computed,0,0,0,0,0,0,0,0,0,0,0,0,0,0,0,0
4349,"SEA WATER, BAY OF BENGAL, AFTER CONFLUENCE OF MARINE OUTFALL OF M/S.AUROBINDO PHARMA LTD. PYDIBHEEMAVARAM (V), RANASTHALAM (M)",2022,MARINE,ANDHRA PRADESH,0,6.2,7.9,1.85,35550.0,0.85,5.0,84.0,,N/A,saline_water_body_excluded,0,0,0,0,0,0,0,0,0,0,0,0,0,0,0,0
4352,"SEA WAER BAY OF BENGAL, AFTER CONFLUENCE OF MARINE OUTFALL OF M/S MATRIX LABORATORIES LTD THAMMAYYAPALEM (V) PUSAPATIREGA (M)",2022,MARINE,ANDHRA PRADESH,0,5.9,8.1,2.1,44300.0,0.6,7.0,124.5,,N/A,saline_water_body_excluded,0,0,0,0,0,0,0,0,0,0,0,0,0,0,0,0
4357,"RUSHIKONDA BEACH,VISAKHAPATNAM",2022,BEACH,ANDHRA PRADESH,0,5.9,8.1,2.05,43700.0,0.725,8.5,94.5,,N/A,saline_water_body_excluded,0,0,0,0,0,0,0,0,0,0,0,0,0,0,0,0
4361,"SEA WATER BAY BENGAL, UPPADA BEACH ROAD, KAKINADA",2022,BEACH,ANDHRA PRADESH,0,6.2,8.15,2.5,28100.0,0.87,11.5,99.0,,N/A,saline_water_body_excluded,0,0,0,0,0,0,0,0,0,0,0,0,0,0,0,0
4362,"SEA WATER, BAY OF BENGAL NEAR DEEP WATER PORT, KAKINADA (1KM AWAY FROM JETTY)",2022,SEA,ANDHRA PRADESH,0,6.65,7.9,3.05,25580.5,2.07,13.5,267.5,,N/A,saline_water_body_excluded,0,0,0,0,0,0,0,0,0,0,0,0,0,0,0,0
4363,"SEA WATER BAY OF BENGAL NEAR KUMBHABHISHEKAM TEMPALE, KAKINADA",2022,SEA,ANDHRA PRADESH,0,6.6,7.65,2.5,23740.5,2.585,12.0,262.0,,N/A,saline_water_body_excluded,0,0,0,0,0,0,0,0,0,0,0,0,0,0,0,0
4371,"SEA WATER, BAY OF BENGAL AFTER CONFLUENCE OF RIVER VASHISTA GODAVARI AT CHINNAMAINAVARILANKA (V), NARSAPUR (M)",2022,MARINE,ANDHRA PRADESH,0,6.55,8.1,1.65,29400.0,0.765,8.5,84.5,,N/A,saline_water_body_excluded,0,0,0,0,0,0,0,0,0,0,0,0,0,0,0,0
4378,"SEA WATER, BAY OF BENGAL, MANGINAPUDI BEACH, MACHILIPATNAM (V & M)",2022,BEACH,ANDHRA PRADESH,0,6.15,7.75,2.6,48350.0,1.325,7.0,163.5,,N/A,saline_water_body_excluded,0,0,0,0,0,0,0,0,0,0,0,0,0,0,0,0
4383,"SEA WATER BAY OF BENGAL, FISHING HARBOUR, NIZAMPATNAM (V & M)",2022,MARINE,ANDHRA PRADESH,0,5.65,7.65,2.6,41100.0,1.335,8.0,168.0,,N/A,saline_water_body_excluded,0,0,0,0,0,0,0,0,0,0,0,0,0,0,0,0
4385,"SEA WATER, BAY OF BENGAL, KOTHAPATNAM BEACH",2022,BEACH,ANDHRA PRADESH,0,5.85,7.9,2.55,45400.0,1.265,10.5,209.0,,N/A,saline_water_body_excluded,0,0,0,0,0,0,0,0,0,0,0,0,0,0,0,0
4386,"SEA WATER, BAY OF BENGAL, VODAREVU BEACH, CHIRALA",2022,BEACH,ANDHRA PRADESH,0,6.05,7.85,2.75,44900.0,1.19,6.5,142.5,,N/A,saline_water_body_excluded,0,0,0,0,0,0,0,0,0,0,0,0,0,0,0,0
4387,"SEA WATER, BAY OF BENGAL, KRISHNAPATNAM PORT",2022,MARINE,ANDHRA PRADESH,0,6.15,7.6,2.65,42050.0,0.975,7.0,153.5,,N/A,saline_water_body_excluded,0,0,0,0,0,0,0,0,0,0,0,0,0,0,0,0
4013,TIRACOL BEACH,2022,BEACH,GOA,0,6.7,7.75,1.65,41530.0,1.295,181.5,281.5,,N/A,saline_water_body_excluded,0,0,0,0,0,0,0,0,0,0,0,0,0,0,0,0
4014,MIRAMAR BEACH,2022,BEACH,GOA,0,6.75,8.1,1.5,32353.0,0.35,214.5,325.0,,N/A,saline_water_body_excluded,0,0,0,0,0,0,0,0,0,0,0,0,0,0,0,0
4015,CALANGUTE BEACH,2022,BEACH,GOA,0,6.6,7.9,1.45,41635.0,0.37,199.5,309.5,,N/A,saline_water_body_excluded,0,0,0,0,0,0,0,0,0,0,0,0,0,0,0,0
4016,MORJIM BEACH,2022,BEACH,GOA,0,6.4,8.0,1.55,36165.0,0.32,116.5,151.5,,N/A,saline_water_body_excluded,0,0,0,0,0,0,0,0,0,0,0,0,0,0,0,0
3051,"BUDAMERU CANAL NEAR BDG AT NH-5, KEESARAPALLI (V), GANNAVARAM (M)",2023,CANAL,ANDHRA PRADESH,1,2.35,7.35,16.0,955.0,5.3,190.0,3000.0,113.4029,Unsuitable for Drinking,computed,0,0,0,0,0,0,0,0,0,0,0,0,0,0,0,0
4356,"ELERU CANAL, NEAR PHARMA CITY,THADI (V),PARAVADA (M)",2023,CANAL,ANDHRA PRADESH,1,5.5,7.8,1.95,175.0,0.6,12.0,267.5,61.0022,Poor,computed,1,0,0,0,0,0,0,0,0,0,0,0,0,0,0,0
4370,"KRISHNA CANAL AT HANUMAN NAGAR, NEAR SAIBABA TEMPLE, ELURU",2023,CANAL,ANDHRA PRADESH,1,6.3,7.75,2.0,126.0,1.6,14.0,290.0,64.4129,Poor,computed,1,0,0,0,0,0,0,0,0,0,0,0,0,0,0,0
2354,"SAMARLA KOTA CANAL,SAMARLA KOTA (V & M)",2023,CANAL,ANDHRA PRADESH,1,5.2,7.35,3.8,152.5,1.6,17.5,582.0,84.757,Very Poor,computed,1,0,0,0,0,0,0,0,0,0,0,0,0,0,0,0
4374,"GOSTTA NADI- VELPURU CANAL AT HANUMAN TEMPLE, DOWNSTREAM OF TANUKU TOWN, TANUKU",2023,CANAL,ANDHRA PRADESH,1,5.75,7.8,2.9,125.0,4.45,7.5,180.0,81.6516,Very Poor,computed,1,0,0,0,0,0,0,0,0,0,0,0,0,0,0,0
2057,"AGRA CANAL, MADANPUR KHADAR, DELHI",2023,CANAL,DELHI,1,0.9,7.3,39.0,385.5,0.95,225000.0,297.5,101.581,Unsuitable for Drinking,computed,0,0,0,0,0,0,0,0,1,1,1,1,0,0,1,1
1479,"WESTERN YAMUNA CANAL AT HAIDERPUR WATER WORKS, DELHI",2023,CANAL,DELHI,1,5.85,7.45,2.0,385.5,0.45,19.5,297.5,59.443,Poor,computed,0,0,1,1,0,0,1,1,1,1,0,0,1,1,1,1
2265,"CANAL UP STREAM OF CUNCOLIM INDL.EST. CUNCOLIM, SALCETE (1 KM FROM M/S NICOMENT INDUSTRIES)",2023,CANAL,GOA,1,6.2,6.5,1.35,716.5,0.55,1650.0,5300.0,51.5859,Poor,computed,0,0,0,0,0,0,0,0,0,0,0,0,0,0,0,0
2266,"CANAL DOWNSTREAM OF CUNCOLIM INDL.EST. CUNCOLIM, SALCETE (NEAR RAILWAY BRIDGE)",2023,CANAL,GOA,1,6.3,6.65,1.5,216.0,0.95,1450.0,4150.0,52.2007,Poor,computed,0,0,0,0,0,0,0,0,0,0,0,0,0,0,0,0
2268,CUMBARJUA CANAL CORLIM(DISCHARGE POINT OF SYNGENTA LIMITED),2023,CANAL,GOA,1,5.85,7.25,1.5,627.5,0.45,1420.0,2210.0,50.4499,Poor,computed,0,0,0,0,0,0,0,0,0,0,0,0,0,0,0,0
2073,"NARMADA MAIN CANAL, NR. VILLAGE. LIMBADIA, DIST. GANDHINAGAR,NARMADA CANAL AT LIMBADIYA",2023,CANAL,GUJARAT,1,6.2,7.85,1.15,108.0,0.8,2.0,12.5,51.3032,Poor,computed,1,0,0,0,0,0,0,0,0,0,0,0,0,0,0,0
5521,"NEAR AZARA RAILWAY STATION, GANAKPARA CHAKARDOI",2023,LAKE,ASSAM,1,7.35,7.3,4.65,269.0,1.7,751.0,1930.0,101.1166,Unsuitable for Drinking,computed,0,0,0,0,0,0,0,0,0,0,0,0,0,0,0,0
5522,AT THE CENTER OF DEEPORBEEL,2023,LAKE,ASSAM,1,8.0,8.1,5.5,277.0,1.8,515.0,801.0,122.92,Unsuitable for Drinking,computed,0,0,0,0,0,0,0,0,0,0,0,0,0,0,0,0
3821,"DIPLAI BEEL AT SILGARA, KOKRAJHAR",2023,LAKE,ASSAM,1,5.4,7.3,2.2,127.0,1.4,330.0,1060.0,60.2041,Poor,computed,0,0,0,0,0,0,0,0,0,0,0,0,0,0,0,0
5619,DOLOO LAKE AT CACHAR,2023,LAKE,ASSAM,1,5.3,7.1,3.9,137.0,0.9,460.0,1115.0,83.2556,Very Poor,computed,0,0,0,0,0,0,0,0,0,0,0,0,0,0,0,0
1263,"ELANGABEEL SYSTEM (CONNECTED TO R. KOLONG), ASSAM",2023,LAKE,ASSAM,1,4.9,7.25,2.55,258.0,1.6,515.0,1360.0,63.6993,Poor,computed,0,0,0,0,0,0,0,0,0,0,0,0,0,0,0,0
5623,"HAFLONG LAKE, HAFLONG TOWN",2023,LAKE,ASSAM,1,5.45,7.0,2.4,160.5,0.9,330.0,1060.0,59.6007,Poor,computed,0,0,0,0,0,0,0,0,0,0,0,0,0,0,0,0
3787,"HOLLUNGA BEEL NEAR GAI NADI/ RIVER AT SOMARAJAN, DHEMA JI",2023,LAKE,ASSAM,1,6.15,7.1,2.3,122.0,1.3,460.0,950.0,61.8111,Poor,computed,0,0,0,0,0,0,0,0,0,0,0,0,0,0,0,0
5617,"JUGIBEEL , GOLAGHAT",2023,LAKE,ASSAM,1,6.5,7.25,2.3,99.0,0.75,330.0,1060.0,62.6025,Poor,computed,0,0,0,0,0,0,0,0,0,0,0,0,0,0,0,0
4337,"KAMALABARI LAKE INSIDE KAMALABARI CHILDREN'S PARK, GELEKY",2023,LAKE,ASSAM,1,6.25,7.05,2.2,92.0,1.0,540.0,755.0,59.3241,Poor,computed,0,1,0,0,0,0,0,0,0,0,0,0,0,0,0,0
3812,"KAMALPUR BEEL, KAMALPUR",2023,LAKE,ASSAM,1,3.25,7.4,23.6,1034.5,2.8,1230.0,2550.0,114.528,Unsuitable for Drinking,computed,0,0,0,0,0,0,0,0,0,0,0,0,0,0,0,0
5621,"LAUKHOWABEEL,DHUBRI",2023,LAKE,ASSAM,1,5.3,7.25,2.35,142.0,0.85,670.0,1360.0,61.0665,Poor,computed,0,0,0,0,0,0,0,0,0,0,0,0,0,0,0,0
3783,"MAGURI BEEL, GUIJAN, TINSUKIA",2023,LAKE,ASSAM,1,7.4,6.9,2.3,139.0,1.15,490.0,1115.0,61.655,Poor,computed,0,0,0,0,0,0,0,0,0,0,0,0,0,0,0,0
5622,"MAGURI BEEL NEAR BRIDGE,TINSUKIA",2023,LAKE,ASSAM,1,7.25,7.35,2.25,141.0,0.9,330.0,1005.0,63.1839,Poor,computed,0,0,0,0,0,0,0,0,0,0,0,0,0,0,0,0
3800,MALINI BEEL NEAR INDUTRIAL AREA AT RAMNAGAR,2023,LAKE,ASSAM,1,4.75,6.9,2.4,152.0,1.25,450.0,1155.0,58.5125,Poor,computed,0,0,0,0,0,0,0,0,0,0,0,0,0,0,0,0
2205,"MER BEEL AT MADHABPUR, ASSAM",2023,LAKE,ASSAM,1,6.05,7.05,2.2,137.0,1.2,675.0,1110.0,59.7368,Poor,computed,0,1,0,0,0,0,0,0,0,0,0,0,0,0,0,0
5620,"PANIDIHING BIRD SANCTUARY ,SIVASAGAR",2023,LAKE,ASSAM,1,5.6,7.1,2.2,102.0,0.95,605.0,1600.0,58.3167,Poor,computed,0,0,0,0,0,0,0,0,0,0,0,0,0,0,0,0
3808,PARASHALI BEEL AT DEMORIA,2023,LAKE,ASSAM,1,6.1,7.25,2.35,120.0,1.65,455.0,1000.0,64.6735,Poor,computed,0,0,0,0,0,0,0,0,0,0,0,0,0,0,0,0
3798,SAMAGURI BEEL IN NAGAON DISTRICT,2023,LAKE,ASSAM,1,5.4,7.05,2.25,105.0,1.15,460.0,1155.0,57.9612,Poor,computed,0,0,0,0,0,0,0,0,0,0,0,0,0,0,0,0
2215,"SARAN BEEL, ASSAM",2023,LAKE,ASSAM,1,7.3,7.4,2.15,106.0,1.0,330.0,860.0,62.2656,Poor,computed,0,0,0,0,0,0,0,0,0,0,0,0,0,0,0,0
3814,"SILSAKO BEEL, CHACHAL, GUWAHATI",2023,LAKE,ASSAM,1,2.45,7.25,14.9,408.0,1.35,2150.0,3150.0,107.5907,Unsuitable for Drinking,computed,0,0,0,0,0,0,0,0,0,0,0,0,0,0,0,0
3804,SON BEEL WATER AT KARIMGANJ,2023,LAKE,ASSAM,1,5.7,7.05,2.4,124.0,0.95,460.0,1055.0,61.1898,Poor,computed,0,0,0,0,0,0,0,0,0,0,0,0,0,0,0,0
3819,"SORU SOLA BEEL, PALTAN BAZAR, GUWAHATI",2023,LAKE,ASSAM,1,0.7,7.25,20.2,405.0,3.15,3200.0,4750.0,103.2537,Unsuitable for Drinking,computed,0,0,0,0,0,0,0,0,0,0,0,0,0,0,0,0
2225,"BASKANDI POND INSIDE THE BASKANDI MADRASA, BASKANDI, ASSAM",2023,POND,ASSAM,1,4.85,7.05,2.45,108.0,0.9,620.0,1105.0,58.684,Poor,computed,0,0,0,0,0,0,0,0,0,0,0,0,0,0,0,0
2214,"BATODRAWA SATRA POND, NAGAON, ASSAM",2023,POND,ASSAM,1,6.3,7.25,2.25,96.5,1.35,330.0,965.0,62.6274,Poor,computed,0,0,0,0,0,0,0,0,0,0,0,0,0,0,0,0
2219,"BISHNU PUSKAR PUKHURI OF HAYAGRIB MADHAB TEMPLE, HAJO, ASSAM",2023,POND,ASSAM,1,8.5,7.3,2.3,218.0,1.15,515.0,1360.0,63.9669,Poor,computed,0,0,0,0,0,0,0,0,0,0,0,0,0,0,0,0
2208,"BORPUKHURI, NAZIRA, ASSAM",2023,POND,ASSAM,1,6.55,7.15,2.35,103.0,0.95,330.0,805.0,62.5566,Poor,computed,0,0,0,0,0,0,0,0,0,0,0,0,0,0,0,0
3772,BORPUKHURI AT SONARI,2023,POND,ASSAM,1,6.75,7.3,2.45,113.0,0.8,330.0,900.0,65.5444,Poor,computed,0,0,0,0,0,0,0,0,0,0,0,0,0,0,0,0
2216,"DIGHALI PUKHURI, GUWAHATI, ASSAM",2023,POND,ASSAM,1,7.55,8.05,2.55,180.0,1.1,545.0,1500.0,75.8667,Very Poor,computed,0,0,0,0,0,0,0,0,0,0,0,0,0,0,0,0
2221,"GANGA PUKHURI, NALBARI (GORDON SCHOOL), ASSAM",2023,POND,ASSAM,1,7.75,7.45,2.3,116.0,1.1,330.0,1000.0,65.2697,Poor,computed,0,0,0,0,0,0,0,0,0,0,0,0,0,0,0,0
2209,"GAURISAGAR TANK, GAURISAGAR, ASSAM",2023,POND,ASSAM,1,6.25,7.1,2.15,112.5,1.1,635.0,1115.0,59.317,Poor,computed,0,0,0,0,0,0,0,0,0,0,0,0,0,0,0,0
2212,"GOPHUR TANK, GOPHUR, ASSAM",2023,POND,ASSAM,1,7.05,7.2,2.35,165.0,1.15,460.0,1055.0,63.5359,Poor,computed,0,0,0,0,0,0,0,0,0,0,0,0,0,0,0,0
2227,"HARDOI PUKHURI, CHARAIDEW, ASSAM",2023,POND,ASSAM,1,6.9,7.1,2.4,100.0,0.85,515.0,1050.0,62.7492,Poor,computed,0,0,0,0,0,0,0,0,0,0,0,0,0,0,0,0
2213,"JAIPAL PUKHURI, SIPAJHAR, ASSAM",2023,POND,ASSAM,1,7.15,7.15,2.25,157.0,1.3,610.0,1165.0,61.7229,Poor,computed,0,0,0,0,0,0,0,0,0,0,0,0,0,0,0,0
1532,"JAYSAGAR TANK, SIVASAGAR, ASSAM",2023,POND,ASSAM,1,6.35,7.25,2.2,112.0,0.8,330.0,755.0,61.1468,Poor,computed,0,0,0,0,0,0,0,0,0,0,0,0,0,0,0,0
3809,JORPUKHURI AT UZANBAZAR (UGRATALA TEMPLE),2023,POND,ASSAM,1,6.35,7.35,2.45,343.0,2.85,620.0,1700.0,69.3398,Poor,computed,0,0,0,0,0,0,0,0,0,0,0,0,0,0,0,0
2223,"MAHAMAYA MANDIR PUKHURI, ASSAM",2023,POND,ASSAM,1,5.2,7.25,2.15,110.0,1.2,460.0,1160.0,57.8997,Poor,computed,0,0,0,0,0,0,0,0,0,0,0,0,0,0,0,0
4006,NETAI PUKHURI AT NETAI PUKHURI,2023,POND,ASSAM,1,6.6,7.05,2.35,105.0,0.85,330.0,725.0,61.3385,Poor,computed,0,0,0,0,0,0,0,0,0,0,0,0,0,0,0,0
2211,"PADUMPUKHURI, TEZPUR, ASSAM",2023,POND,ASSAM,1,7.0,7.25,2.45,213.0,1.1,515.0,1050.0,65.658,Poor,computed,0,0,0,0,0,0,0,0,0,0,0,0,0,0,0,0
2222,"RAJADINIA PUKHURI AT ABHAYAPURI, ASSAM",2023,POND,ASSAM,1,5.25,7.2,2.25,144.0,1.35,460.0,1105.0,59.3411,Poor,computed,0,0,0,0,0,0,0,0,0,0,0,0,0,0,0,0
2224,"RAJAPUKHURI AT GAURIPUR, ASSAM",2023,POND,ASSAM,1,5.25,7.15,2.3,130.0,1.25,460.0,1065.0,59.4126,Poor,computed,0,0,0,0,0,0,0,0,0,0,0,0,0,0,0,0
2210,"RAJMAW PUKHURI, JORHAT, ASSAM",2023,POND,ASSAM,1,6.6,7.4,2.35,110.0,1.0,515.0,910.0,65.4559,Poor,computed,0,0,0,0,0,0,0,0,0,0,0,0,0,0,0,0
3806,POND WATER FROM RAMKRISHNA MISSION AT HAILAKANDI,2023,POND,ASSAM,1,5.65,6.85,2.6,138.0,0.9,460.0,1155.0,65.1214,Poor,computed,0,0,0,0,0,0,0,0,0,0,0,0,0,0,0,0
2226,"SIVASAGAR TANK (BORPUKHURI) NEAR SIVADOL, ASSAM",2023,POND,ASSAM,1,6.55,7.2,2.4,95.0,0.95,330.0,915.0,63.8589,Poor,computed,0,0,0,0,0,0,0,0,0,0,0,0,0,0,0,0
2217,"SUBHAGYA KUNDA POND KAMAKHYA TEMPLE, GUWAHATI, ASSAM",2023,POND,ASSAM,1,6.75,7.2,2.5,259.0,1.2,605.0,1550.0,66.1414,Poor,computed,0,0,0,0,0,0,0,0,0,0,0,0,0,0,0,0
3775,TENGA PUKHURI AT TENGAPUKHURI,2023,POND,ASSAM,1,6.65,7.15,2.2,104.0,0.85,515.0,1115.0,60.2183,Poor,computed,0,0,0,0,0,0,0,0,0,0,0,0,0,0,0,0
4334,"THOWRADOLE PUKHURI, THOWRADOLE G.P. DEMOW BLOCK",2023,POND,ASSAM,1,6.4,7.0,2.3,94.0,0.95,330.0,765.0,60.141,Poor,computed,0,0,0,0,0,0,0,0,0,0,0,0,0,0,0,0
4349,"SEA WATER , BAY OF BENGAL, AFTER CONFLUENCE OF MARINE OUTFALL OF M/S. AUROBINDO PHARMA LTD. PYDIBHEEMAVARAM (V) RANASTHALAM (M)",2021,MARINE,ANDHRA PRADESH,0,6.5,7.65,2.0,39700.0,1.05,5.5,79.5,,N/A,saline_water_body_excluded,0,0,0,0,0,0,0,0,0,0,0,0,0,0,0,0
4352,"SEA WAER BAY OF BENGAL, AFTER CONFLUENCE OF MARINE OUTFALL OF M/S MATRIX LABORATORIES LTD.THAMMAVAYAPALEM (V) PUSAPATIREGA (M)",2021,MARINE,ANDHRA PRADESH,0,6.9,7.75,2.05,44100.0,1.05,5.5,79.5,,N/A,saline_water_body_excluded,0,0,0,0,0,0,0,0,0,0,0,0,0,0,0,0
4357,RUSHIKONDA BEACH,2021,BEACH,ANDHRA PRADESH,0,6.6,7.8,1.85,45150.0,0.8,6.5,92.0,,N/A,saline_water_body_excluded,0,0,0,0,0,0,0,0,0,0,0,0,0,0,0,0
4361,"SEA WATER BAY BENGAL, UPPADA BEACH ROAD, KAKINADA",2021,BEACH,ANDHRA PRADESH,0,5.1,7.45,1.525,41850.0,1.65,5.0,71.0,,N/A,saline_water_body_excluded,0,0,0,0,0,0,0,0,0,0,0,0,0,0,0,0
4362,"SEA WATER, BAY OF BENGAL NEAR DEEP WATER PORT, KAKINADA (1KM AWAY FROM JETTY)",2021,SEA,ANDHRA PRADESH,0,5.5,7.5,2.45,25960.0,2.0,9.5,92.0,,N/A,saline_water_body_excluded,0,0,0,0,0,0,0,0,0,0,0,0,0,0,0,0
4363,"SEA WATER BAY OF BENGAL NEAR KUMBHABHISHEKAM TEMPALE, KAKINADA",2021,SEA,ANDHRA PRADESH,0,4.3,7.5,4.0,23960.0,1.9,6.5,97.5,,N/A,saline_water_body_excluded,0,0,0,0,0,0,0,0,0,0,0,0,0,0,0,0
4371,"SEA WATER, BAY OF BENGAL AFTER CONFLUENCE OF RIVER VASHISTA GODAVARI AT CHINNAMAINAVANILANKA (V), NARSAPUR (M)",2021,MARINE,ANDHRA PRADESH,0,6.15,7.6,2.5,28265.0,1.3,5.5,92.0,,N/A,saline_water_body_excluded,0,0,0,0,0,0,0,0,0,0,0,0,0,0,0,0
4378,"SEA WATER, BAY OF BENGAL, MANGINAPUDI BEACH, MACHILIPATNAM",2021,BEACH,ANDHRA PRADESH,0,4.35,7.4,2.4,46350.0,1.05,3.0,81.5,,N/A,saline_water_body_excluded,0,0,0,0,0,0,0,0,0,0,0,0,0,0,0,0
4383,"SEA WATER BAY OF BENGAL, FISHING HARBOUR, NIZAMPATNAM",2021,MARINE,ANDHRA PRADESH,0,4.45,7.55,2.4,44300.0,1.6,3.0,81.5,,N/A,saline_water_body_excluded,0,0,0,0,0,0,0,0,0,0,0,0,0,0,0,0
4385,"SEA WATER, BAY OF BENGAL, KOTHAPATNAM BEACH",2021,BEACH,ANDHRA PRADESH,0,4.75,7.55,2.5,45550.0,1.1,3.0,58.0,,N/A,saline_water_body_excluded,0,0,0,0,0,0,0,0,0,0,0,0,0,0,0,0
4386,"SEA WATER, BAY OF BENGAL, VADAREVU BEACH, CHIRALA",2021,BEACH,ANDHRA PRADESH,0,4.6,7.4,2.6,46000.0,1.2,3.0,71.5,,N/A,saline_water_body_excluded,0,0,0,0,0,0,0,0,0,0,0,0,0,0,0,0
4387,"SEA WATER, BAY OF BENGAL, KRISHNAPATNAM PORT",2021,MARINE,ANDHRA PRADESH,0,4.65,7.55,2.6,45300.0,1.15,3.0,71.5,,N/A,saline_water_body_excluded,0,0,0,0,0,0,0,0,0,0,0,0,0,0,0,0
2267,"CREEK AT DANDO MOLLO, VELSAO, MAMUGAO",2021,CREEK,GOA,0,6.1,7.15,1.325,25920.5,2.05,1265.0,3000.0,,N/A,saline_water_body_excluded,0,0,0,0,0,0,0,0,0,0,0,0,0,0,0,0
4013,TIRACOL BEACH,2021,BEACH,GOA,0,7.05,7.9,1.075,43950.0,0.4,126.5,484.5,,N/A,saline_water_body_excluded,0,0,0,0,0,0,0,0,0,0,0,0,0,0,0,0
4014,MIRAMAR BEACH,2021,BEACH,GOA,0,6.75,7.5,1.125,38290.0,0.55,131.5,191.5,,N/A,saline_water_body_excluded,0,0,0,0,0,0,0,0,0,0,0,0,0,0,0,0
4015,CALANGUTE BEACH,2021,BEACH,GOA,0,6.55,7.2,1.5,46275.0,0.3,121.0,205.0,,N/A,saline_water_body_excluded,0,0,0,0,0,0,0,0,0,0,0,0,0,0,0,0
4016,MORJIM BEACH,2021,BEACH,GOA,0,6.85,8.0,1.075,42315.0,1.35,181.5,471.5,,N/A,saline_water_body_excluded,0,0,0,0,0,0,0,0,0,0,0,0,0,0,0,0
4017,MOBOR BEACH,2021,BEACH,GOA,0,6.45,7.25,1.075,41940.0,0.55,131.0,286.5,,N/A,saline_water_body_excluded,0,0,0,0,0,0,0,0,0,0,0,0,0,0,0,0
2354,"SAMARLA KOTA CANAL, KAKINADA, EAST GODAVARI",2021,CANAL,ANDHRA PRADESH,1,4.4,7.7,2.9,369.0,1.5,16.0,165.0,71.8137,Poor,computed,0,0,0,0,0,0,0,0,0,0,0,0,0,0,0,0
2355,"TULJE BAGH CANAL, TEKRI DRAIN, KAKINADA, EAST GODAVARI",2021,CANAL,ANDHRA PRADESH,1,4.15,7.3,4.5,12962.5,2.35,24.5,335.0,92.6448,Very Poor,computed,0,0,0,0,0,0,0,0,0,0,0,0,0,0,0,0
3051,"BUDAMERU CANAL NR BDG AT NH-5, KESARAPALLY, KRISHNA",2021,CANAL,ANDHRA PRADESH,1,6.0,7.55,4.6,1400.0,2.25,3.0,465.0,103.8849,Unsuitable for Drinking,computed,0,0,0,0,0,0,0,0,0,0,0,0,0,0,0,0
4356,ELERU CANAL NEAR PHARMA CITY,2021,CANAL,ANDHRA PRADESH,1,6.75,7.3,1.8,294.0,0.95,8.0,106.5,55.8263,Poor,computed,0,0,0,0,0,0,0,0,0,0,0,0,0,0,0,0
4370,"KRISHNA CANAL AT HANUMAN NAGAR, NEAR SAIBABA TEMPLE, ELIRU",2021,CANAL,ANDHRA PRADESH,1,4.4,7.4,2.9,678.5,1.4,16.0,195.0,68.774,Poor,computed,0,0,0,0,0,0,0,0,0,0,0,0,0,0,0,0
4374,"GOSTTA NADI- VELPURU CANAL AT HANUMAN TEMPLE, DOWNSTREAM OF TANUKU TOWN, ATTILI (M)",2021,CANAL,ANDHRA PRADESH,1,5.35,7.55,2.55,685.0,1.55,81.5,180.0,68.9082,Poor,computed,0,0,0,0,0,0,0,0,0,0,0,0,0,0,0,0
2057,"AGRA CANAL, MADANPUR KHADAR, DELHI",2021,CANAL,DELHI,1,0.725,7.45,51.5,1373.0,0.85,7024500.0,7395000.0,102.7893,Unsuitable for Drinking,computed,0,0,0,0,0,0,0,0,0,0,0,0,0,0,0,0
2265,"CANAL UP STREAM OF CUNCOLIM INDL.EST. CUNCOLIM, SALCETE (1 KM FROM M/S NICOMENT INDUSTRIES)",2021,CANAL,GOA,1,6.55,7.0,1.525,235.0,0.95,1545.0,2300.0,48.7986,Good,computed,0,0,0,0,0,0,0,0,0,0,0,0,0,0,0,0
2266,"CANAL DOWNSTREAM OF CUNCOLIM INDL.EST. CUNCOLIM, SALCETE (NEAR RAILWAY BRIDGE)",2021,CANAL,GOA,1,6.25,7.1,1.175,229.0,0.9,2300.0,3300.0,44.4237,Good,computed,0,0,0,0,0,0,0,0,0,0,0,0,0,0,0,0
2268,CUMBARJUA CANAL CORLIM(DISCHARGE POINT OF SYNGENTA LIMITED),2021,CANAL,GOA,1,6.15,6.9,1.6,23344.0,0.45,1490.0,3100.0,50.942,Poor,computed,0,0,0,0,0,0,0,0,0,0,0,0,0,0,0,0
2073,"NARMADA MAIN CANAL, NR. VILLAGE. LIMBADIA, DIST. GANDHINAGAR.",2021,CANAL,GUJARAT,1,5.95,7.85,0.675,161.25,1.075,2.5,26.5,44.2417,Good,computed,0,0,0,0,0,0,0,0,0,0,0,0,0,0,0,0
2074,"TAPI CANAL AT VILLAGE UMARWADA, NEAR GIDC ESTATE OF PANOLI.",2021,CANAL,GUJARAT,1,7.75,8.15,1.525,562.5,0.275,25.5,95.0,60.357,Poor,computed,0,0,0,0,0,0,0,1,0,0,0,0,0,0,0,0
4421,"FROM NARMADA MAIN CANAL AT INDORAHMEDABAD HIGHWAY BRIDGE NEAR VILLAGE MOTIKANTADI TAL, GODHRA, DIST PANCHMAHAL",2021,CANAL,GUJARAT,1,7.55,7.7,1.525,427.0,0.3,4.4,45.5,55.2759,Poor,computed,0,0,0,0,0,0,0,1,0,0,0,0,0,0,0,0
1013,RIVER SUTLEJ AT U/S TATAPANI,2021,RIVER,HIMACHAL PRADESH,1,8.75,7.75,1.0,2162.5,0.83,635.0,7.0,49.0538,Good,computed,0,0,0,0,0,0,0,0,0,0,0,0,0,0,0,0
4446,RIVER SUTLEJ U/S LANDFILL SITE RAMPUR,2021,RIVER,HIMACHAL PRADESH,1,9.0,8.0,1.0,2435.0,1.12,975.0,48.0,52.3478,Poor,computed,0,1,0,0,0,0,0,0,0,0,0,0,0,0,0,0
4447,RIVER STLUJ D/S LANDFILL SITE RAMPUR,2021,RIVER,HIMACHAL PRADESH,1,8.9,7.8,1.0,1451.5,1.12,1600.0,56.0,50.1868,Poor,computed,0,0,0,0,0,0,0,0,0,0,0,0,0,0,0,0
4032,RIVER SUTLEJ U/S KHAIRIAN SOLID WASTE DUMPING SITE BILASPUR,2021,RIVER,HIMACHAL PRADESH,1,9.05,7.7,1.0,240.5,1.05,175.0,2.0,47.9943,Good,computed,0,1,0,0,0,0,0,0,0,0,0,0,0,0,0,0
4033,RIVER SUTLEJ D/S KHAIRIAN SOLID WASTE DUMPING SITE BILASPUR,2021,RIVER,HIMACHAL PRADESH,1,8.95,7.65,1.0,231.0,0.87,345.0,2.0,47.2903,Good,computed,0,1,0,0,0,0,0,0,0,0,0,0,0,0,0,0
4450,RIVER SUTLEJ U/S CONFLUENCE WITH GANVI KHAND,2021,RIVER,HIMACHAL PRADESH,1,9.2,7.85,1.0,2398.5,1.22,824.5,2.0,50.7662,Poor,computed,0,1,0,0,0,0,0,0,0,0,0,0,0,0,0,0
4451,RIVER SUTLEJ D/S CONFLUENCE WITH GANVI KHAND,2021,RIVER,HIMACHAL PRADESH,1,9.2,7.65,1.0,2403.5,1.42,910.0,3.5,48.9052,Good,computed,0,1,0,0,0,0,0,0,0,0,0,0,0,0,0,0
30009,RIVER SUTLEJ AT NANGAL (H.P.),2021,RIVER,HIMACHAL PRADESH,1,9.3,7.4,2.0,250.0,0.52,10245.0,169.0,59.9046,Poor,computed,0,1,0,0,0,0,0,0,0,0,0,0,0,0,0,0
1014,RIVER SUTLEJ AT U/S SLAPPER,2021,RIVER,HIMACHAL PRADESH,1,8.95,7.7,1.0,198.5,0.545,124.5,2.0,47.2286,Good,computed,0,0,0,0,0,0,0,0,0,0,0,0,0,0,0,0
1015,RIVER SUTLEJ AT D/S SLAPPER,2021,RIVER,HIMACHAL PRADESH,1,9.05,7.6,1.0,186.5,0.72,175.0,2.0,46.3838,Good,computed,0,0,0,0,0,0,0,0,0,0,0,0,0,0,0,0
1016,RIVER SUTLEJ AT D/S BHAKHRA,2021,RIVER,HIMACHAL PRADESH,1,8.8,7.45,1.0,223.0,2.7,12.0,2.0,47.3572,Good,computed,0,0,0,0,0,0,0,0,0,0,0,0,0,0,0,0
30010,RIVER SUTLEJ AT NOORPUR BEDI ROAD (PUNJAB),2021,RIVER,PUNJAB,1,9.55,7.4,2.0,258.5,0.52,27700.0,275.5,59.9183,Poor,computed,0,1,0,0,0,0,0,0,0,0,0,0,0,0,0,0
1814,"RIVER SUTLEJ AT D/S KIRATPUR SAHIB, PUNJAB",2021,RIVER,PUNJAB,1,8.7,8.05,1.0,239.5,1.5,320.0,121.0,52.4797,Poor,computed,0,1,0,0,0,0,0,0,0,0,0,0,0,0,1,1
3052,"GUNTATHIPPA DRAIN B/C WITH RIVES CANAL AT RAMAVARAPPADU, VIJAYAWADA TOWN",2023,DRAIN,ANDHRA PRADESH,1,1.05,7.4,27.4,1914.0,7.15,455.0,3750.0,111.5563,Unsuitable for Drinking,computed,0,0,0,0,0,0,0,0,0,0,0,0,0,0,0,0
3053,"TULIA BAGH DRAIN AT MATLAPALEM (V), VEMULAVADA (M)",2023,DRAIN,ANDHRA PRADESH,1,5.9,7.15,3.0,12512.5,2.05,11.5,267.5,74.2373,Poor,computed,0,0,0,0,0,0,0,0,0,0,0,0,0,0,0,0
4861,"NEAR HUDA/ HSVP WATER WORKS, BASAI, GURUGRAM",2023,WATER TREATMENT PLANT (RAW WATER),HARYANA,1,7.35,7.4,1.0,1110.0,0.3,120.0,2400.0,44.269,Good,computed,0,0,0,0,0,0,0,0,0,0,0,0,0,0,0,0
3047,WATER WORKS- GURGAON,2023,WATER TREATMENT PLANT (RAW WATER),HARYANA,1,7.15,7.6,1.0,1380.0,0.3,210.0,3900.0,46.5022,Good,computed,0,0,0,0,0,0,0,0,0,0,0,0,0,0,0,0
4464,ALHI KHAD NEAR INTAKE WSS AT VILL. NOG,2023,DRAIN,HIMACHAL PRADESH,1,8.75,7.55,1.0,378.0,1.45,53.0,335.0,47.0422,Good,computed,0,0,0,0,0,0,0,0,0,0,0,0,0,0,0,0
3868,BARAGRAM NALLAH BEFORE CONFLUENCE TO RIVER BEAS,2023,DRAIN,HIMACHAL PRADESH,1,8.2,7.4,1.0,78.0,0.5,39.5,169.0,43.6743,Good,computed,0,0,0,0,0,0,0,0,0,0,0,0,0,0,0,0
3881,"BHATIAN NALLAH D/S SARA TEXTILE, NALAGARH",2023,DRAIN,HIMACHAL PRADESH,1,5.0,7.8,10.5,2904.0,6.05,801.0,813.0,129.8293,Unsuitable for Drinking,computed,0,0,0,0,0,0,0,0,0,0,0,0,0,0,0,0
3879,"BHATIAN NALLAH U/S BHATIAN VILLAGE, NEAR TVS INDUSTRY, NALAGARH",2023,DRAIN,HIMACHAL PRADESH,1,3.25,7.6,45.6,4100.0,3.9,803.5,865.0,118.0506,Unsuitable for Drinking,computed,0,0,0,0,0,0,0,0,0,0,0,0,0,0,0,0
4425,RAW WATER FOR LWSS OF CHURAT NALLAH,2023,DRAIN,HIMACHAL PRADESH,1,8.5,7.9,1.0,166.5,2.15,38.5,813.0,51.45,Poor,computed,0,0,0,0,0,0,0,0,0,0,0,0,0,0,0,0
4463,DHANESHAR NALLAH (U/S SAINJ WATER SUPPLY SCHEME) NEAR GYASI MATA MANDIR,2023,DRAIN,HIMACHAL PRADESH,1,7.65,8.15,1.0,440.0,1.25,24.0,810.0,53.3826,Poor,computed,0,0,0,0,0,0,0,0,0,0,0,0,0,0,0,0
4474,HALOG NALLAH NEAR HALOG WATER SUPPLY SCHEME,2023,DRAIN,HIMACHAL PRADESH,1,9.5,7.95,1.0,222.0,0.9,86.0,803.5,50.4397,Poor,computed,0,0,0,0,0,0,0,0,0,0,0,0,0,0,0,0
4481,HATHLI NALLAH LIFT WATER SUPPLY SCHEME FOR MUNICIPAL COUNCIL HAMIRPUR,2023,DRAIN,HIMACHAL PRADESH,1,8.05,7.25,1.65,479.0,4.4,4.0,34.0,57.8518,Poor,computed,0,0,0,0,0,0,0,0,0,0,0,0,0,0,0,0
5253,"HURLA NALLA D/S HURLA BRIDGE, VPO HURLA, TEHSIL BHUNTER, DIS. KULLU",2023,DRAIN,HIMACHAL PRADESH,1,7.8,7.8,1.0,107.5,0.5,62.5,340.0,48.0834,Good,computed,0,0,0,0,0,0,0,0,0,0,0,0,0,0,0,0
4426,RAW WATER FOR LWSS OF JAGROTI NALLAH,2023,DRAIN,HIMACHAL PRADESH,1,8.45,7.95,1.0,124.0,0.65,66.0,801.0,49.9444,Good,computed,0,0,0,0,0,0,0,0,0,0,0,0,0,0,0,0
4454,JARANGLA NALLAH U/S WATER SUPPLY SCHEME,2023,DRAIN,HIMACHAL PRADESH,1,9.1,7.9,1.0,297.5,2.85,11.0,1761.5,52.5747,Poor,computed,0,0,0,0,0,0,0,0,0,0,0,0,0,0,0,0
4466,JARANGLA NALLAH D/S WATER SUPPLY SCHEME,2023,DRAIN,HIMACHAL PRADESH,1,9.1,7.95,1.0,318.0,2.3,11.0,1766.5,52.4171,Poor,computed,0,0,0,0,0,0,0,0,0,0,0,0,0,0,0,0
5257,"KALAM NALLA D/S OF MSW PROCESSING SITE AT CHOWRI, DIST. CHAMBA",2023,DRAIN,HIMACHAL PRADESH,1,8.8,7.55,1.0,203.5,1.25,12.0,823.5,46.4868,Good,computed,0,0,0,0,0,0,0,0,0,0,0,0,0,0,0,0
4477,KHALADA NALLAH NEAR WATER SUPPLY SCHEME FOR KULLU TOWN,2023,DRAIN,HIMACHAL PRADESH,1,8.3,7.6,1.0,148.5,1.6,71.0,530.0,47.4433,Good,computed,0,0,0,0,0,0,0,0,0,0,0,0,0,0,0,0
4455,KLUIN NALLAH U/S WATER SUPPLY SCHEME,2023,DRAIN,HIMACHAL PRADESH,1,9.25,7.6,1.0,286.5,1.0,21.0,1797.0,46.8356,Good,computed,0,0,0,0,0,0,0,0,0,0,0,0,0,0,0,0
4482,LIFT WATER SUPPLY SCHEME (PANJARAR) AND BHOTA ROPARI & UJHAN,2023,DRAIN,HIMACHAL PRADESH,1,8.0,7.3,1.55,500.5,0.95,3.0,43.5,52.2898,Poor,computed,0,0,0,0,0,0,0,0,0,0,0,0,0,0,0,0
4036,"KUNNI PUL, VILL SAMAHU, PO KUNIHAR, TEHSIL ARKI",2023,DRAIN,HIMACHAL PRADESH,1,7.6,8.15,1.4,1935.5,3.25,7.0,185.5,62.444,Poor,computed,0,0,0,0,0,0,0,0,0,0,0,0,0,0,0,0
4430,LIFT NALLAH BEFORE CONFLUENCE TO ASHWANI KHAD NEAR DOGRHA BRIDGE,2023,DRAIN,HIMACHAL PRADESH,1,7.25,7.1,6.75,455.5,3.6,183.5,1070.0,122.2397,Unsuitable for Drinking,computed,0,0,0,0,0,0,0,0,0,0,0,0,0,0,0,0
4475,"MACHADA NALLAH, MAJHOUTI WATER SUPPLY SCHEME NEAR NIRATH",2023,DRAIN,HIMACHAL PRADESH,1,9.5,7.9,1.0,237.5,1.3,88.5,810.5,50.4543,Poor,computed,0,0,0,0,0,0,0,0,0,0,0,0,0,0,0,0
4476,MANALSU NALLAH NEAR WATER SUPPLY SCHEME FOR MANALI TOWN,2023,DRAIN,HIMACHAL PRADESH,1,8.6,7.55,1.0,54.5,0.5,83.0,312.0,45.2942,Good,computed,0,0,0,0,0,0,0,0,0,0,0,0,0,0,0,0
4034,SAHU NALLAH U/S BHURI SINGH SHEP,2023,DRAIN,HIMACHAL PRADESH,1,9.25,7.9,1.0,208.0,1.8,35.0,2747.0,51.0563,Poor,computed,0,0,0,0,0,0,0,0,0,0,0,0,0,0,0,0
4035,SAHU NALLAH D/S BHURI SINGH SHEP,2023,DRAIN,HIMACHAL PRADESH,1,9.1,7.85,1.0,210.5,1.6,47.5,4631.5,50.2673,Poor,computed,0,0,0,0,0,0,0,0,0,0,0,0,0,0,0,0
4462,SAINJ NALLAH (U/S SAINJ WATER SUPPLY SCHEME AT DARGI),2023,DRAIN,HIMACHAL PRADESH,1,7.6,8.0,1.0,393.0,1.45,19.5,813.0,51.943,Poor,computed,0,0,0,0,0,0,0,0,0,0,0,0,0,0,0,0
3867,SARVARI NALLAH BEFORE CONFLUENCE TO RIVER BEAS,2023,DRAIN,HIMACHAL PRADESH,1,8.05,7.55,1.0,164.0,0.95,86.0,309.5,46.0643,Good,computed,0,0,0,0,0,0,0,0,0,0,0,0,0,0,0,0
1870,"SUKHANA NALLAH AT PARWANOO NEAR KALKA BARRIER, EXIT POINT OF H. P.",2023,DRAIN,HIMACHAL PRADESH,1,6.5,7.85,13.5,768.5,8.1,801.0,810.5,136.9566,Unsuitable for Drinking,computed,0,0,0,0,0,0,0,0,0,0,0,0,0,0,0,0
3875,SURAJMUKHI NALLAH U/S WSS GALAYANA D/S OF SHOOLINI UNIVERSITY,2023,DRAIN,HIMACHAL PRADESH,1,8.0,8.0,4.25,538.0,6.6,17.5,282.0,109.0953,Unsuitable for Drinking,computed,0,0,0,0,0,0,0,0,0,0,0,0,0,0,0,0
4480,SURAJMUKHI NALLAH D/S STP AT U/S OF SHOOLINI UNIVERSITY SAMTI SOLAN,2023,DRAIN,HIMACHAL PRADESH,1,7.65,8.0,1.8,522.5,5.35,13.0,188.0,69.6578,Poor,computed,0,0,0,0,0,0,0,0,0,0,0,0,0,0,0,0
2789,"NALA AT D/S OF AKLAI MANDIR, VILLAGE- AKLAI, TALUKA- MALSHIRAS, DISTRICT- SOLAPUR.",2023,DRAIN,MAHARASHTRA,1,4.8,7.65,10.1,1497.5,1.35,85.0,525.0,120.7654,Unsuitable for Drinking,computed,0,0,0,0,0,0,0,0,0,0,0,0,0,0,0,0
2178,"CHIKHALI NALA MEETS GODAVARI RIVER, VILLAGE- CHIKHALI, TALUKA- NASHIK, DISTRICT- NASHIK.",2023,DRAIN,MAHARASHTRA,1,3.15,7.7,10.5,914.0,2.8,87.0,112.5,116.8854,Unsuitable for Drinking,computed,0,0,0,0,0,0,0,0,0,0,0,0,0,0,0,0
2790,"PIMPAL-PANERI NALA AT RATNAGIRI NEAR FINOLEX INDUSTRIES, VILLAGE- YAHGANIGAON, TALUKA- RATNAGIRI, DISTRICT- RATNAGIRI.",2023,DRAIN,MAHARASHTRA,1,7.45,6.6,2.4,2860.5,1.0,8.5,32.0,66.6953,Poor,computed,0,0,0,0,0,0,0,0,0,0,0,0,0,0,0,0
3923,GURADIH NALLAH AT PANPOSH,2023,DRAIN,ODISHA,1,4.0,7.3,6.15,522.5,5.0,28650.0,83950.0,119.183,Unsuitable for Drinking,computed,0,0,0,0,0,0,0,0,0,0,0,0,0,0,0,0
20046,MADURAI,2023,STP,TAMIL NADU,1,3.15,7.3,11.0,1460.0,0.65,5501.0,11001.0,110.2314,Unsuitable for Drinking,computed,0,0,0,0,0,0,0,0,0,0,0,0,0,0,0,0
3054,"RIVER GODAVARI - OUTLET OF ASH POND EFFLUENTS OF M/S.NTPC, RAMAGUNDAM",2023,DRAIN,TELANGANA,1,3.8,9.85,3.2,821.0,2.35,9.5,148.5,98.9905,Very Poor,computed,0,0,0,0,0,0,0,0,0,0,0,0,0,0,0,0
4665,"RIVER MANERU (TRIBUTARY OF GODAVARI) - OUTLET OF KTPP ASH POND JOINING TO MORANCHA VAGU, CHELPUR (V), GHANPUR (MULUGU) (M), , JAYASHANKAR BHUPALAPALLI DISTRICT",2023,DRAIN,TELANGANA,1,4.45,8.15,2.5,689.0,8.7,2.0,42.0,80.6804,Very Poor,computed,0,0,0,0,0,0,0,0,0,0,0,0,0,0,0,0
3055,"AMBERPET STP (339 MLD) - OUTLET , AMBERPET (V&M), HYDERABAD",2023,STP,TELANGANA,1,2.75,7.55,17.2,1490.5,6.1,25.0,570.0,118.0796,Unsuitable for Drinking,computed,0,0,0,0,0,0,0,0,0,0,0,0,0,0,0,0
3050,WATER WORKS- GHAZIABAD,2023,WATER TREATMENT PLANT (RAW WATER),UTTAR PRADESH,1,5.65,7.3,1.0,180.5,0.3,2.0,2.0,41.1084,Good,computed,0,0,0,0,0,0,0,0,0,0,0,0,0,0,0,0
